1,aaa,1111,Hogan,5498,Male,266-343-1720,hmenendez0@pcworld.com
2,bbb,2222,Lorrie,9008,Male,308-843-8900,lbreache1@accuweather.com
3,ccc,3333,Worthington,3305,Male,152-531-5332,wantonnikov2@nymag.com
4,Cleve,4686,Bigender,657-162-8445,cstenning3@google.pl
5,Brody,3806,Male,675-823-5347,bstelfox4@ow.ly
6,Corella,8049,Polygender,448-656-1531,ckardosstowe5@omniture.com
7,Cissy,4329,Female,963-261-4234,ctreffrey6@de.vu
8,Rudiger,7212,Male,387-930-6508,rtipens7@google.ru
9,Ruben,6872,Male,488-916-2660,rpapez8@ox.ac.uk
10,Beatrice,1010,Female,843-938-4867,bknudsen9@macromedia.com
11,Reece,2429,Male,895-288-1759,rmcgawa@youtube.com
12,Gallard,3676,Male,844-765-0462,gniaveb@meetup.com
13,Reinaldo,2790,Agender,909-379-1340,rgowrichc@noaa.gov
14,Ryun,3782,Male,532-607-9676,rstonbridged@alibaba.com
15,Lion,2644,Male,109-874-6353,ldunthorne@amazon.de
16,Dag,7944,Male,202-187-8966,drimingtonf@odnoklassniki.ru
17,Prudy,1225,Female,710-287-2010,pdorantg@nydailynews.com
18,Keith,3055,Male,322-481-1823,koconnorh@ameblo.jp
19,Jarvis,7318,Male,351-764-5548,jlongstreeti@tripadvisor.com
20,Jedd,3667,Genderqueer,276-236-3957,jleadj@jalbum.net
21,Wanda,8969,Polygender,328-468-1682,wwarmank@oaic.gov.au
22,Ortensia,9931,Female,717-662-0393,oderochel@adobe.com
23,Beulah,9028,Female,777-599-9930,bflurym@google.co.uk
24,Pren,3570,Male,269-809-4773,ppembridgen@ihg.com
25,Duncan,2673,Male,307-511-3421,doloshkino@paginegialle.it
26,Laney,2385,Female,807-335-7461,lmottramp@github.com
27,Ambrosius,7725,Male,796-262-9794,arogeonq@buzzfeed.com
28,Audrey,6181,Female,518-965-1836,aduchamr@webs.com
29,Mirella,1501,Female,136-763-9202,mphizackleas@cnn.com
30,Christy,6486,Female,913-128-1127,cshermant@acquirethisname.com
31,Salli,9634,Female,888-364-9360,sheinigu@reddit.com
32,Miran,3005,Female,678-798-2491,mvlasyevv@wsj.com
33,Bebe,5821,Female,624-319-4814,bledgardw@pen.io
34,Annadiane,9337,Female,686-995-2312,aeverlyx@bbb.org
35,Rooney,6757,Male,739-332-2307,rtsarovicy@liveinternet.ru
36,Fred,8973,Male,372-679-2890,fknapperz@moonfruit.com
37,Rona,9489,Female,748-150-7154,rpyburn10@mtv.com
38,Gail,5775,Female,589-812-7607,ggammade11@google.pl
39,Beniamino,1698,Genderfluid,359-739-1984,bgonnet12@example.com
40,Bethanne,1631,Female,588-711-9756,bsalkild13@gnu.org
41,Marcelle,7050,Female,289-396-1833,mslixby14@tripod.com
42,Chlo,9535,Female,536-801-3364,cklaffs15@youtube.com
43,Klara,5367,Female,159-123-8371,keyre16@slashdot.org
44,Maggie,1316,Female,518-255-0819,mokenny17@theatlantic.com
45,Tabbie,4115,Female,202-109-6693,tlamers18@cocolog-nifty.com
46,Meridith,5036,Female,204-403-7241,mbaum19@sakura.ne.jp
47,Jeno,7673,Male,353-944-2087,jboich1a@mozilla.com
48,Gabie,2685,Male,211-702-8709,gstallan1b@imdb.com
49,Nicky,3422,Female,752-383-2388,ntupp1c@reddit.com
50,Sheridan,1055,Male,413-530-9546,swayon1d@salon.com
51,Sherri,2327,Female,283-277-2545,sverrill1e@nhs.uk
52,Leesa,9893,Female,136-884-2656,lclaessens1f@sfgate.com
53,Leonard,8480,Genderqueer,156-116-4734,lpicard1g@linkedin.com
54,Jody,3838,Female,490-730-9762,jrathe1h@hostgator.com
55,Keith,2068,Male,308-176-3304,kdegoey1i@wordpress.com
56,Christi,7449,Female,709-691-2754,crobinet1j@facebook.com
57,Filberte,9658,Male,737-808-7650,fsixsmith1k@constantcontact.com
58,Norton,2605,Male,174-219-9770,napted1l@columbia.edu
59,Daffi,8995,Female,170-667-6059,dtremayle1m@apache.org
60,Rosanne,4528,Female,245-397-3996,rhowbrook1n@cisco.com
61,Kinna,7626,Female,248-731-4003,kstuddeard1o@360.cn
62,Frasco,3697,Male,740-816-8098,fromao1p@posterous.com
63,Ashlee,8440,Female,792-445-9544,akubat1q@ycombinator.com
64,Augusta,8743,Female,252-844-8985,ahubbock1r@mail.ru
65,Caspar,7213,Male,857-577-7058,cdeglanville1s@nyu.edu
66,Fanchette,4443,Female,453-265-6407,framlot1t@stumbleupon.com
67,Shurlock,6047,Male,852-594-4398,sportriss1u@eepurl.com
68,Ethelind,9876,Female,902-334-8566,ezamudio1v@admin.ch
69,Jeana,9044,Female,969-300-7166,jgeill1w@php.net
70,Britni,6901,Female,689-341-6830,btapley1x@acquirethisname.com
71,Hebert,5209,Male,172-868-1825,hadamik1y@businessweek.com
72,Hali,2264,Female,117-434-5889,heltun1z@apache.org
73,Jessie,6797,Agender,262-345-8334,jfanshaw20@wix.com
74,Trix,1902,Female,493-166-7031,tdufore21@msu.edu
75,Herby,8259,Male,420-135-7430,hgowanson22@imageshack.us
76,Dayna,4304,Female,172-685-0428,dderoberto23@gov.uk
77,Nan,6087,Agender,422-944-8488,ndowsing24@newsvine.com
78,Eleen,8358,Female,218-786-1037,ecringle25@imdb.com
79,Alyse,7316,Female,792-547-7830,agluyus26@chronoengine.com
80,Cy,9811,Male,738-353-5858,clishmund27@sogou.com
81,Denna,3049,Female,651-979-4082,dbalsom28@1und1.de
82,Claudell,1683,Male,924-941-6439,cslator29@studiopress.com
83,Annamaria,2598,Female,676-531-3453,abogeys2a@dot.gov
84,Hastings,4647,Male,765-805-2742,hmatzen2b@icio.us
85,Terrye,3128,Female,902-182-7047,thebdon2c@geocities.com
86,Elbertina,1061,Female,805-251-1557,efurlong2d@ucla.edu
87,Kally,8221,Female,294-191-8558,kreye2e@multiply.com
88,Carma,5684,Genderqueer,601-918-1831,cshirer2f@google.co.uk
89,Alecia,7876,Polygender,950-807-6222,abyer2g@sitemeter.com
90,Corie,8355,Female,192-956-0189,cbacke2h@illinois.edu
91,Roselin,9041,Female,348-838-2718,rcornforth2i@google.com.hk
92,Wallie,5650,Male,310-896-0832,wmontilla2j@google.com.au
93,Caro,9709,Female,140-299-8976,cmatthew2k@china.com.cn
94,Reuben,2605,Bigender,459-563-0173,rvallow2l@macromedia.com
95,Lucky,7601,Female,214-164-7718,landrichak2m@army.mil
96,Livvy,2446,Female,955-999-0738,ldunne2n@livejournal.com
97,Akim,3224,Male,972-213-3993,aierland2o@tuttocitta.it
98,Prisca,1606,Female,231-432-7663,pchurching2p@behance.net
99,Joyce,8909,Female,933-789-6662,jvobes2q@miitbeian.gov.cn
100,Rosa,3581,Female,158-885-2341,radan2r@goo.gl
